{
  "version": 2,
  "frameSize": 256,
  "atlasWidth": 1024,
  "atlasHeight": 1024,
  "frameCount": 16,
  "grid": {
    "cols": 4,
    "rows": 4
  },
  "boundsMin": [
    -0.47694703936576843,
    -0.48308199644088745,
    -0.0073930732905864716
  ],
  "boundsMax": [
    0.4342121183872223,
    0.5290279984474182,
    1.032127857208252
  ],
  "pivot": [
    -0.02136746048927307,
    -0.48308199644088745,
    0.5123673677444458
  ],
  "captureRadius": 1.2994012236595154,
  "normalSpace": "frame-local",
  "depthEncoding": "orthographic-normalized",
  "depthRange": {
    "near": 0.44278266226201657,
    "far": 2.156019785057014
  },
  "viewBlendMode": "grid-bilinear",
  "directions": [
    [
      -0.40824827551841736,
      0.8164965510368347,
      -0.40824827551841736
    ],
    [
      -0.3162277638912201,
      0.0,
      -0.9486832618713379
    ],
    [
      0.3162277638912201,
      0.0,
      -0.9486832618713379
    ],
    [
      0.40824827551841736,
      0.8164965510368347,
      -0.40824827551841736
    ],
    [
      -0.9486832618713379,
      0.0,
      -0.3162277638912201
    ],
    [
      -0.40824827551841736,
      0.8164965510368347,
      -0.40824827551841736
    ],
    [
      0.40824827551841736,
      0.8164965510368347,
      -0.40824827551841736
    ],
    [
      0.9486832618713379,
      0.0,
      -0.3162277638912201
    ],
    [
      -0.9486832618713379,
      0.0,
      0.3162277638912201
    ],
    [
      -0.40824827551841736,
      0.8164965510368347,
      0.40824827551841736
    ],
    [
      0.40824827551841736,
      0.8164965510368347,
      0.40824827551841736
    ],
    [
      0.9486832618713379,
      0.0,
      0.3162277638912201
    ],
    [
      -0.40824827551841736,
      0.8164965510368347,
      0.40824827551841736
    ],
    [
      -0.3162277638912201,
      0.0,
      0.9486832618713379
    ],
    [
      0.3162277638912201,
      0.0,
      0.9486832618713379
    ],
    [
      0.40824827551841736,
      0.8164965510368347,
      0.40824827551841736
    ]
  ]
}