{
  "id": "district_vqfel4",
  "center": [
    -1900,
    -2600
  ],
  "radius": 1170.4699910719626,
  "numBuildings": 1,
  "numProps": 0,
  "districtProps": [],
  "buildings": [
    {
      "x": -1519.523049926071,
      "y": 8.875909220285251,
      "z": -2213.2511873535245,
      "w": 8.612855901851518,
      "h": 9.709552449423006,
      "d": 11.001270687207874,
      "angle": 3.141592653589793,
      "classId": 4,
      "colorIdx": 0
    }
  ]
}