{
  "id": "district_s83lmn",
  "center": [
    -6400,
    7350
  ],
  "radius": 2229.9103120977757,
  "numBuildings": 0,
  "numProps": 3,
  "districtProps": [
    {
      "typeId": 0,
      "x": -5630.341084360597,
      "y": 3.795038739179205,
      "z": 6062.9876198886395,
      "height": 111.70905827016314,
      "rotorRadius": 24,
      "angle": 4.459261180491145,
      "phase": 5.334228160981628
    },
    {
      "typeId": 0,
      "x": -5400.6863470096805,
      "y": 12.401324081033579,
      "z": 6283.499705583765,
      "height": 129.12838873554216,
      "rotorRadius": 24,
      "angle": 5.674153526350952,
      "phase": 4.449421403308353
    },
    {
      "typeId": 0,
      "x": -5385.72138203823,
      "y": 7.364661658111032,
      "z": 6539.434685713573,
      "height": 129.2618720053839,
      "rotorRadius": 24,
      "angle": 1.6530071532820894,
      "phase": 5.9417225933846005
    }
  ],
  "buildings": []
}